"trail_type","G_pow","alpha_pow","beta_pow"
"foraging",0.214513494719639,0.232326956959396,0.338321991046145
"internest",0.12525542697047,0.164861725801825,0.464568984770388
